{
    "schemes": [
        "http",
        "https"
    ],
    "swagger": "2.0",
    "info": {
        "description": "这是我的API文档",
        "title": "MyGin文档",
        "contact": {},
        "version": "1.0"
    },
    "host": "127.0.0.1:8000",
    "basePath": "/api/v1",
    "paths": {
        "/getIndex": {
            "get": {
                "description": "获取首页数据",
                "summary": "首页的GET接口",
                "parameters": [
                    {
                        "type": "string",
                        "description": "关键词",
                        "name": "q",
                        "in": "query"
                    }
                ],
                "responses": {
                    "200": {
                        "description": "OK",
                        "schema": {
                            "type": "object",
                            "additionalProperties": true
                        }
                    }
                }
            }
        },
        "/postIndex": {
            "post": {
                "description": "获取首页数据",
                "summary": "首页的POST接口",
                "parameters": [
                    {
                        "description": "请求参数",
                        "name": "data",
                        "in": "body",
                        "required": true,
                        "schema": {
                            "type": "string"
                        }
                    }
                ],
                "responses": {
                    "200": {
                        "description": "OK",
                        "schema": {
                            "type": "object",
                            "additionalProperties": true
                        }
                    }
                }
            }
        }
    }
}